[
  {
    "Id": "452413",
    "ThreadId": "215181",
    "Html": "<p>Hi while using Sitemap generator i m getting an server error as &quot;StartIndex cannot be less than zero.&quot;.Could anyone help me why i m getting this error ?</p>",
    "PostedDate": "2010-06-07T05:16:23.09-07:00",
    "UserRole": null,
    "MarkedAsAnswerDate": null
  },
  {
    "Id": "493667",
    "ThreadId": "215181",
    "Html": "<p>Hi,</p>\r\n<p>&nbsp; I am facing problem at rewrite rules</p>\r\n<p>For eg. I hav done teh settings like</p>\r\n<p>&lt;rewriterRules&gt;<br>&nbsp;&nbsp;&nbsp;&nbsp;&nbsp; &lt;rule&gt;<br>&nbsp;&nbsp;&nbsp;&nbsp;&nbsp;&nbsp;&nbsp; &lt;oldPath&gt;http://100.100.100.100/site/index.aspx&lt;/oldPath&gt;<br>&nbsp;&nbsp;&nbsp;&nbsp;&nbsp;&nbsp;&nbsp; &lt;newPath&gt;http://100.100.100.100/News/index.aspx&lt;/newPath&gt;<br>&nbsp;&nbsp;&nbsp;&nbsp;&nbsp; &lt;/rule&gt;<br>&lt;/rewriterRules&gt;</p>\r\n<p>it's not rewriting the url.</p>\r\n<p>&nbsp;</p>\r\n<p>Can anybody help me out?</p>",
    "PostedDate": "2010-09-14T23:24:48.597-07:00",
    "UserRole": null,
    "MarkedAsAnswerDate": null
  },
  {
    "Id": "518500",
    "ThreadId": "215181",
    "Html": "\r\n<p>not run :(</p>\r\n",
    "PostedDate": "2010-11-07T16:03:45.487-08:00",
    "UserRole": null,
    "MarkedAsAnswerDate": null
  },
  {
    "Id": "832917",
    "ThreadId": "215181",
    "Html": "<p><span class=\"hps\">Bug fixed.</span><span>&nbsp;</span><span class=\"hps\">Downloaded</span><span>&nbsp;</span><span class=\"hps\">the new</span><span>&nbsp;</span><span class=\"hps\">version 1.1</span><span>.</span></p>",
    "PostedDate": "2012-05-07T05:20:36.673-07:00",
    "UserRole": null,
    "MarkedAsAnswerDate": null
  }
]