[
  {
    "Id": "1233816",
    "ThreadId": "542176",
    "Html": "Hi\r<br />\nThanks for the easy sitemap generator you have built.\r<br />\nI'm using urlfriendly in my project and links actually have no extentions, like this:\r<br />\nexample.com/City?City=ny\r<br />\nor\r<br />\nexample.com/newad\r<br />\n<br />\nwhat extensions should I add in ?\r<br />\n&lt;extension&gt;??&lt;/extension&gt;<br />\n",
    "PostedDate": "2014-04-14T02:26:13.14-07:00",
    "UserRole": null,
    "MarkedAsAnswerDate": null
  },
  {
    "Id": "1247308",
    "ThreadId": "542176",
    "Html": "Hi,\r<br />\nyou can only use sitemap generator for page with extension.\r<br />\n<br />\nI 'am developing to create a new version for url without page extension.\r<br />\n<br />\nOK?<br />\n",
    "PostedDate": "2014-05-20T02:40:53.383-07:00",
    "UserRole": null,
    "MarkedAsAnswerDate": null
  }
]