[
  {
    "Id": "946867",
    "ThreadId": "404551",
    "Html": "\r\n<p>Is there&nbsp;something&nbsp;that i can do to not record to the site maps all the url parameters ?</p>\r\n<p>something&nbsp;like &quot;forbiddenParamters&quot; :)</p>\r\n<p>maybe a&nbsp;forbiddenPath hack ?</p>\r\n",
    "PostedDate": "2012-11-25T23:57:38.657-08:00",
    "UserRole": null,
    "MarkedAsAnswerDate": null
  },
  {
    "Id": "981908",
    "ThreadId": "404551",
    "Html": "\r\n<p>Good suggestion. Almost certainly I'll try to implement a forbiddenUrlPath in the next version 1.2.</p>\r\n",
    "PostedDate": "2012-12-31T02:17:25.41-08:00",
    "UserRole": null,
    "MarkedAsAnswerDate": null
  },
  {
    "Id": "981910",
    "ThreadId": "404551",
    "Html": "\r\n<p>I ask you please send requests in English. Thank you.</p>\r\n",
    "PostedDate": "2012-12-31T02:19:17.397-08:00",
    "UserRole": null,
    "MarkedAsAnswerDate": null
  }
]