[
  {
    "Id": "981588",
    "ThreadId": "427980",
    "Html": "\r\n<p>Hi</p>\r\n<p>I cant implement a sample for use sitemapgenerator please guide me?When output xml update?is possible to manual update output xml?</p>\r\n",
    "PostedDate": "2012-12-29T03:49:35.677-08:00",
    "UserRole": null,
    "MarkedAsAnswerDate": null
  },
  {
    "Id": "981912",
    "ThreadId": "427980",
    "Html": "\r\n<p>Of course you can edit the xml file output.</p>\r\n",
    "PostedDate": "2012-12-31T02:20:40.54-08:00",
    "UserRole": null,
    "MarkedAsAnswerDate": null
  }
]