[
  {
    "Id": "1046455",
    "ThreadId": "444411",
    "Html": "I got it working and it works great except for one thing.  I rely on url rewriting using my own 404.aspx page processing to rewrite friendly url to a specific page.  Unfortunately, what happens is the sitemap generates the following loc...\r<br />\n<br />\n<a href=\"http://localhost/eventregistrationv2/404.aspx?404;http://localhost:80/eventregistrationv2/santa-fun-run-lichfield-on-monday-23rd-december-2013-1030am\" rel=\"nofollow\">http://localhost/eventregistrationv2/404.aspx?404;http://localhost:80/eventregistrationv2/santa-fun-run-lichfield-on-monday-23rd-december-2013-1030am</a>\r<br />\n<br />\nI want it to exclude any references to 404.aspx and some other pages besides and then I can manally add my friendly urls using SubgurimSiteMapBLL.addSiteMap()\r<br />\n<br />\nAny ideas?<br />\n",
    "PostedDate": "2013-05-21T04:40:30.847-07:00",
    "UserRole": null,
    "MarkedAsAnswerDate": null
  },
  {
    "Id": "1048124",
    "ThreadId": "444411",
    "Html": "ok. Use this in web.config:\r<br />\n<br />\n &lt;forbiddenPaths&gt;<br />\n<pre><code> &lt;Path&gt;~/404.aspx&lt;/Path&gt;</code></pre>\n\n&lt;/forbiddenPaths&gt;\r<br />\n<br />\nSee in documentation how to use it\r<br />\n<br />\nok???<br />\n",
    "PostedDate": "2013-05-24T01:48:33.533-07:00",
    "UserRole": null,
    "MarkedAsAnswerDate": null
  }
]