[
  {
    "Id": "996641",
    "ThreadId": "432030",
    "Html": "Hi!\r<br />\nSo I deployed the app to my local IIS 8 machine.\r<br />\nFirst it give an error about the integrated pipeline mode, so I changed the pipeline for the app to Classic 4.5.\r<br />\n<br />\nNow, no errors, but navigating to <a href=\"http://localhost/proj/sitemap.aspx\" rel=\"nofollow\">http://localhost/proj/sitemap.aspx</a> gives an HTTP 404 (&quot;The resource cannot be found.&quot;)\r<br />\n<br />\nI created an App_Data folder in C:\\inetpub\\wwwroot\\proj and gave Full Control to Everyone thinking that maybe the Sitemap Gen didn't have permissions to write to the directory. It didnt help. \r<br />\n<br />\nMy web.config is as follows:<br />\n<pre><code>&lt;!--\n  For more information on how to configure your ASP.NET application, please visit\n  http://go.microsoft.com/fwlink/?LinkId=169433\n  --&gt;\n&lt;configuration&gt;\n  &lt;configSections&gt;\n    &lt;section name=&quot;SubgurimSiteMapConfiguration&quot; type=&quot;Subgurim.Controles.SSM.SubgurimSiteMapSectionHandler&quot;/&gt;\n  &lt;/configSections&gt;\n  &lt;SubgurimSiteMapConfiguration&gt;\n    &lt;dataPath&gt;~/App_Data/SubgurimSiteMap&lt;/dataPath&gt;\n    &lt;sitemapResponse&gt;~/sitemap.aspx&lt;/sitemapResponse&gt;\n    &lt;forbiddenPaths&gt;\n      &lt;Path&gt;~/css&lt;/Path&gt;\n      &lt;Path&gt;~/js&lt;/Path&gt;\n      &lt;Path&gt;~/Admin&lt;/Path&gt;\n    &lt;/forbiddenPaths&gt;\n    &lt;acceptedExtensions&gt;\n      &lt;extension&gt;.htm&lt;/extension&gt;\n      &lt;extension&gt;.html&lt;/extension&gt;\n    &lt;/acceptedExtensions&gt;\n  &lt;/SubgurimSiteMapConfiguration&gt;\n  &lt;system.webServer&gt;\n    &lt;modules runAllManagedModulesForAllRequests=&quot;true&quot;&gt;\n      &lt;add name=&quot;SubgurimSiteMapContextRequest&quot; type=&quot;Subgurim.Controles.SSM.SubgurimSiteMapContextRequest&quot;/&gt;\n    &lt;/modules&gt;\n  &lt;/system.webServer&gt;\n  &lt;system.web&gt;\n    &lt;httpModules&gt;\n      &lt;add name=&quot;SubgurimSiteMapContextRequest&quot; type=&quot;Subgurim.Controles.SSM.SubgurimSiteMapContextRequest&quot;/&gt;\n    &lt;/httpModules&gt;\n    &lt;compilation debug=&quot;true&quot; targetFramework=&quot;4.0&quot;/&gt;\n    &lt;httpRuntime/&gt;\n  &lt;/system.web&gt;\n&lt;/configuration&gt;\n</code></pre>\n\n",
    "PostedDate": "2013-02-05T05:32:21.087-08:00",
    "UserRole": null,
    "MarkedAsAnswerDate": null
  },
  {
    "Id": "998414",
    "ThreadId": "432030",
    "Html": "Hi FaizanKazi,\r<br />\nif you try this url  (  <a href=\"http://localhost/sitemap.aspx\" rel=\"nofollow\">http://localhost/sitemap.aspx</a>    )  as you work?<br />\n",
    "PostedDate": "2013-02-08T02:11:43.38-08:00",
    "UserRole": null,
    "MarkedAsAnswerDate": null
  },
  {
    "Id": "998549",
    "ThreadId": "432030",
    "Html": "<strong>lorenzobattaglia wrote:</strong><br />\n<blockquote>\nHi FaizanKazi,<br />\nif you try this url  (  <a href=\"http://localhost/sitemap.aspx\" rel=\"nofollow\">http://localhost/sitemap.aspx</a>    )  as you work?<br />\n</blockquote>\nHi Lorenzo,\r<br />\nIt works if I debug using Visual Studio (2012) using the Visual Studio Development server.\r<br />\nHowever it does not work when deployed to IIS.<br />\n",
    "PostedDate": "2013-02-08T06:27:57.07-08:00",
    "UserRole": null,
    "MarkedAsAnswerDate": null
  },
  {
    "Id": "1337915",
    "ThreadId": "432030",
    "Html": "maybe the problem is that you insert both tags for IIS and IIS 7.X, <br />\n<br />\n<strong>this is for IIS7.x</strong><br />\n<pre><code>&lt;system.webServer&gt;\n    &lt;modules runAllManagedModulesForAllRequests=&quot;true&quot;&gt;\n      &lt;add name=&quot;SubgurimSiteMapContextRequest&quot; type=&quot;Subgurim.Controles.SSM.SubgurimSiteMapContextRequest&quot;/&gt;\n    &lt;/modules&gt;\n &lt;/system.webServer&gt;\n</code></pre>\n\n<strong>this is for IIS</strong><br />\n<pre><code> &lt;system.web&gt;\n    &lt;httpModules&gt;\n      &lt;add name=&quot;SubgurimSiteMapContextRequest&quot; type=&quot;Subgurim.Controles.SSM.SubgurimSiteMapContextRequest&quot;/&gt;\n    &lt;/httpModules&gt;\n    &lt;compilation debug=&quot;true&quot; targetFramework=&quot;4.0&quot;/&gt;\n    &lt;httpRuntime/&gt;\n&lt;/system.web&gt;</code></pre>\n\n",
    "PostedDate": "2014-12-30T07:49:45.923-08:00",
    "UserRole": null,
    "MarkedAsAnswerDate": null
  }
]