[
  {
    "Id": "215181",
    "Title": "while using Site Map Generator i m getting \"StartIndex cannot be less than zero\" error",
    "LatestDate": "2012-05-07T05:20:36.673-07:00"
  },
  {
    "Id": "351500",
    "Title": "Documentacion relacionada con Subgurim Sitemap",
    "LatestDate": "2012-04-06T22:59:06.95-07:00"
  },
  {
    "Id": "396992",
    "Title": "500 - Internal server error - HELP!",
    "LatestDate": "2012-12-31T02:13:56.423-08:00"
  },
  {
    "Id": "404551",
    "Title": "Controlling Url Parameters",
    "LatestDate": "2012-12-31T02:19:17.397-08:00"
  },
  {
    "Id": "427980",
    "Title": "Sample project for sitemapgenerator",
    "LatestDate": "2012-12-31T02:20:40.54-08:00"
  },
  {
    "Id": "432030",
    "Title": "HTTP 404 with ~/Sitemap.aspx",
    "LatestDate": "2014-12-30T07:49:45.923-08:00"
  },
  {
    "Id": "443768",
    "Title": "Are URL Rewriter Friendly URLs e.g. domain.com/20135/ProductXYZ added to the site map?",
    "LatestDate": "2013-05-15T09:52:53.077-07:00"
  },
  {
    "Id": "444411",
    "Title": "Excluding certain files",
    "LatestDate": "2013-05-24T01:48:33.533-07:00"
  },
  {
    "Id": "542176",
    "Title": "using frindly urls ",
    "LatestDate": "2014-05-20T02:40:53.383-07:00"
  }
]