[
  {
    "Id": "1043979",
    "ThreadId": "443768",
    "Html": "I have implemented the URL Rewriter in my ASP site.\r<br />\n<br />\nWill the SiteMap generator add this type of URL to the XML site map?<br />\n",
    "PostedDate": "2013-05-15T09:48:55.82-07:00",
    "UserRole": null,
    "MarkedAsAnswerDate": null
  },
  {
    "Id": "1043982",
    "ThreadId": "443768",
    "Html": "Yes SURE<br />\n",
    "PostedDate": "2013-05-15T09:52:53.077-07:00",
    "UserRole": null,
    "MarkedAsAnswerDate": null
  }
]