[
  {
    "Id": "917847",
    "ThreadId": "396992",
    "Html": "\r\n<p>Need some help here.&nbsp;</p>\r\n<p>I placed all the code in my ~/web.config root file exactly. The dll is in my ~/bin folder</p>\r\n<p>I have write permissions on my ~/App_Data folder for ASP.NET IIS users as well.</p>\r\n<p>But I still keep getting a 500 Internal server error.</p>\r\n<p>Any help?</p>\r\n",
    "PostedDate": "2012-09-26T07:04:35.1-07:00",
    "UserRole": null,
    "MarkedAsAnswerDate": null
  },
  {
    "Id": "981906",
    "ThreadId": "396992",
    "Html": "\r\n<p>Which. Net Framework are you using? the 2.0 / 3.5 / 4.0. Let me know</p>\r\n",
    "PostedDate": "2012-12-31T02:13:56.423-08:00",
    "UserRole": null,
    "MarkedAsAnswerDate": null
  }
]