{
  "WorkItem": {
    "AffectedComponent": {
      "Name": "",
      "DisplayName": ""
    },
    "ClosedComment": "",
    "ClosedDate": null,
    "CommentCount": 0,
    "Custom": null,
    "Description": "Possibility to delete a file from the sitemap on the site no longer automatic.",
    "LastUpdatedDate": "2017-11-28T07:28:32.173-08:00",
    "PlannedForRelease": "Sitemap Generator v1.1",
    "ReleaseVisibleToPublic": true,
    "Priority": {
      "Name": "Low",
      "Severity": 50,
      "Id": 1
    },
    "ProjectName": "SiteMapGenerator",
    "ReportedDate": "2012-05-07T05:44:58.647-07:00",
    "Status": {
      "Name": "Proposed",
      "Id": 1
    },
    "ReasonClosed": {
      "Name": "Unassigned"
    },
    "Summary": "Auto delete from sitemap",
    "Type": {
      "Name": "Feature",
      "Id": 1
    },
    "VoteCount": 1,
    "Id": 15133
  },
  "FileAttachments": [],
  "Comments": []
}