{
  "WorkItem": {
    "AffectedComponent": {
      "Name": "",
      "DisplayName": ""
    },
    "ClosedComment": "",
    "ClosedDate": null,
    "CommentCount": 0,
    "Custom": null,
    "Description": "Add new code in SiteMapUtilities.cs:\n \n internal static string takeLocalRawUrl()\n        {\n            var local = HttpContext.Current.Request.RawUrl;\n            local = HttpContext.Current.Request.Url.Authority.Contains(\"localhost:\") ? local.Substring(local.IndexOf(\"/\", 1, StringComparison.Ordinal)) : local;\n            local = local.TrimStart(new[] { '/' });\n \n            return local.ToLower();\n        }\n \nAnd set this in filter: (SiteMapManager.cs)\n// If the path is forbidden, return false\n            var prohibido = config.forbiddenPaths.Cast<string>().Any(fp => SubgurimSiteMapUtilities.takeLocalPath().StartsWith(SubgurimSiteMapUtilities.fixToLocalPath(fp)));\n            if (prohibido) return false;\n            var prohibido2 = config.forbiddenPaths.Cast<string>().Any(fp => SubgurimSiteMapUtilities.takeLocalRawUrl().StartsWith(SubgurimSiteMapUtilities.fixToLocalPath(fp)));\n            if (prohibido2) return false;",
    "LastUpdatedDate": "2013-02-14T11:34:21.363-08:00",
    "PlannedForRelease": "",
    "ReleaseVisibleToPublic": false,
    "Priority": {
      "Name": "Low",
      "Severity": 50,
      "Id": 1
    },
    "ProjectName": "SiteMapGenerator",
    "ReportedDate": "2012-03-27T16:08:23.533-07:00",
    "Status": {
      "Name": "Proposed",
      "Id": 1
    },
    "ReasonClosed": {
      "Name": "Unassigned"
    },
    "Summary": "New feature for next version",
    "Type": {
      "Name": "Issue",
      "Id": 3
    },
    "VoteCount": 1,
    "Id": 14966
  },
  "FileAttachments": [],
  "Comments": []
}