{
  "WorkItem": {
    "AffectedComponent": {
      "Name": "",
      "DisplayName": ""
    },
    "ClosedComment": "",
    "ClosedDate": null,
    "CommentCount": 0,
    "Custom": null,
    "Description": "Some bugs in this line code on file SiteMapManager.cs line number 62\n61) config.acceptedExtensions.Add(\".aspx\");\n \n62) foreach (var ext in config.acceptedExtensions):\n \nThe solution for to resolve bug is:\n if(!config.acceptedExtensions.Contains(\".aspx\"))\n                config.acceptedExtensions.Add(\".aspx\");",
    "LastUpdatedDate": "2013-02-14T11:34:22.06-08:00",
    "PlannedForRelease": "",
    "ReleaseVisibleToPublic": false,
    "Priority": {
      "Name": "Low",
      "Severity": 50,
      "Id": 1
    },
    "ProjectName": "SiteMapGenerator",
    "ReportedDate": "2012-03-27T13:41:10.533-07:00",
    "Status": {
      "Name": "Proposed",
      "Id": 1
    },
    "ReasonClosed": {
      "Name": "Unassigned"
    },
    "Summary": "SubgurimSiteMapContextRequest.filter",
    "Type": {
      "Name": "Issue",
      "Id": 3
    },
    "VoteCount": 1,
    "Id": 14962
  },
  "FileAttachments": [],
  "Comments": []
}