{
  "WorkItem": {
    "AffectedComponent": {
      "Name": "",
      "DisplayName": ""
    },
    "ClosedComment": "",
    "ClosedDate": null,
    "CommentCount": 0,
    "Custom": null,
    "Description": "Hi, for the past 3-4 months I've been keeping a close eye on my google sitemap using google webmaster tools and I noticed that I'll have 3k, 4k, 5k up to 10k entries and then all of a sudden the sitemap only contains 70 or some low 3 digit number. I'm not sure if this is normal behavior for the sitemap generator. Does it periodically clear itself? If not what could possibly cause it to clear itself? BTW I'm on a shared hosting plan. Would that have to do with anything? Thanks John",
    "LastUpdatedDate": "2013-02-14T11:34:22.427-08:00",
    "PlannedForRelease": "",
    "ReleaseVisibleToPublic": false,
    "Priority": {
      "Name": "Low",
      "Severity": 50,
      "Id": 1
    },
    "ProjectName": "SiteMapGenerator",
    "ReportedDate": "2009-01-06T09:36:50.763-08:00",
    "Status": {
      "Name": "Proposed",
      "Id": 1
    },
    "ReasonClosed": {
      "Name": "Unassigned"
    },
    "Summary": "My subgurimsitemap.xml keeps getting cleared.",
    "Type": {
      "Name": "Issue",
      "Id": 3
    },
    "VoteCount": 1,
    "Id": 6895
  },
  "FileAttachments": [],
  "Comments": [
    {
      "Message": "Yes it's a bug. \r\nI'm solving the bugs and adding several improvements. OK?",
      "PostedDate": "2012-05-04T13:37:13.777-07:00",
      "Id": -2147483648
    },
    {
      "Message": "",
      "PostedDate": "2013-02-14T11:34:22.427-08:00",
      "Id": -2147483648
    }
  ]
}