{
  "WorkItem": {
    "AffectedComponent": {
      "Name": "",
      "DisplayName": ""
    },
    "ClosedComment": "",
    "ClosedDate": null,
    "CommentCount": 0,
    "Custom": null,
    "Description": "Solution to resolve urlRewriting (code with comment //NEW)\n \nprivate void context_BeginRequest(Object sender, EventArgs args)\n        {\n            var context = ((HttpApplication)sender).Context;\n \n            var config\n                = (SubgurimSiteMapConfiguration)ConfigurationManager.GetSection(\"SubgurimSiteMapConfiguration\");\n \n            var uri = context.Request.Url;\n \n            if (SubgurimSiteMapUtilities.takeLocalPath() == config.sitemapResponse)\n            {\n                SubgurimSiteMapUtilities.showOnScreen(SubgurimSiteMapBLL.showSiteMap(), context.Response);\n            }\n            else if (!SubgurimSiteMapUtilities.IAmAutoCalling(context) && filter(config, ref uri))\n            {\n                //SubgurimSiteMapBLL.addSiteMap(uri.AbsoluteUri); OLD\n                var schema = uri.Scheme; //NEW\n                var host = uri.Host; //NEW\n                var pathepag = context.Request.RawUrl; //NEW\n                var urlCorretto = string.Format(\"{0}://{1}{2}\",schema,host,pathepag); //NEW\n \n                SubgurimSiteMapBLL.addSiteMap(urlCorretto); //NEW\n            }\n        }",
    "LastUpdatedDate": "2013-02-14T11:34:21.907-08:00",
    "PlannedForRelease": "",
    "ReleaseVisibleToPublic": false,
    "Priority": {
      "Name": "Low",
      "Severity": 50,
      "Id": 1
    },
    "ProjectName": "SiteMapGenerator",
    "ReportedDate": "2012-03-27T13:50:24.54-07:00",
    "Status": {
      "Name": "Proposed",
      "Id": 1
    },
    "ReasonClosed": {
      "Name": "Unassigned"
    },
    "Summary": "SubgurimSiteMapContextRequest.context_BeginRequest",
    "Type": {
      "Name": "Issue",
      "Id": 3
    },
    "VoteCount": 1,
    "Id": 14963
  },
  "FileAttachments": [],
  "Comments": []
}