{
  "WorkItem": {
    "AffectedComponent": {
      "Name": "",
      "DisplayName": ""
    },
    "ClosedComment": "",
    "ClosedDate": null,
    "CommentCount": 0,
    "Custom": null,
    "Description": "Change from http://www.google.com/schemas/sitemap/0.84\nto http://www.sitemaps.org/schemas/sitemap/0.9",
    "LastUpdatedDate": "2013-02-14T11:34:21.687-08:00",
    "PlannedForRelease": "",
    "ReleaseVisibleToPublic": false,
    "Priority": {
      "Name": "Low",
      "Severity": 50,
      "Id": 1
    },
    "ProjectName": "SiteMapGenerator",
    "ReportedDate": "2012-03-27T14:16:11.493-07:00",
    "Status": {
      "Name": "Proposed",
      "Id": 1
    },
    "ReasonClosed": {
      "Name": "Unassigned"
    },
    "Summary": "Porting to new standard sitemaps.org",
    "Type": {
      "Name": "Issue",
      "Id": 3
    },
    "VoteCount": 1,
    "Id": 14964
  },
  "FileAttachments": [],
  "Comments": []
}