[
  {
    "Id": 6895,
    "Title": "My subgurimsitemap.xml keeps getting cleared."
  },
  {
    "Id": 7147,
    "Title": "HttpModule conflict?"
  },
  {
    "Id": 14962,
    "Title": "SubgurimSiteMapContextRequest.filter"
  },
  {
    "Id": 14963,
    "Title": "SubgurimSiteMapContextRequest.context_BeginRequest"
  },
  {
    "Id": 14964,
    "Title": "Porting to new standard sitemaps.org"
  },
  {
    "Id": 14966,
    "Title": "New feature for next version"
  },
  {
    "Id": 15133,
    "Title": "Auto delete from sitemap"
  }
]