{
  "WorkItem": {
    "AffectedComponent": {
      "Name": "",
      "DisplayName": ""
    },
    "ClosedComment": "",
    "ClosedDate": null,
    "CommentCount": 0,
    "Custom": null,
    "Description": "I am trying to install this on a website that makes use of a custom CMS, which already has its own HTTP module installed.  I've followed the procedure to install using defaults, and set write permissions where necessary.  However, nothing is being generated.  Will I still be able to use this to generate Sitemaps?",
    "LastUpdatedDate": "2013-02-14T11:34:22.237-08:00",
    "PlannedForRelease": "",
    "ReleaseVisibleToPublic": false,
    "Priority": {
      "Name": "Low",
      "Severity": 50,
      "Id": 1
    },
    "ProjectName": "SiteMapGenerator",
    "ReportedDate": "2009-02-20T06:50:58.09-08:00",
    "Status": {
      "Name": "Proposed",
      "Id": 1
    },
    "ReasonClosed": {
      "Name": "Unassigned"
    },
    "Summary": "HttpModule conflict?",
    "Type": {
      "Name": "Issue",
      "Id": 3
    },
    "VoteCount": 1,
    "Id": 7147
  },
  "FileAttachments": [],
  "Comments": []
}