[
  {
    "Id": "0",
    "Name": "Sitemap Generator v1.0",
    "DevelopmentStatus": "Stable",
    "Description": "Well... that's the beginning so test it and report any problem, bug or suggestions on forums.",
    "ReleasedDatge": "0001-01-01T00:00:00",
    "ModifiedDate": "2010-05-10T00:31:07.88-07:00",
    "Files": [
      {
        "Id": "9e418e73-915d-421b-af29-634950d61c4b",
        "FileName": "SubgurimSiteMap.dll",
        "Url": "./0/9e418e73-915d-421b-af29-634950d61c4b",
        "Type": "Application",
        "UploadDate": "2007-10-30T12:42:06.84-07:00"
      }
    ]
  },
  {
    "Id": "1",
    "Name": "Sitemap Generator v1.2",
    "DevelopmentStatus": "Planning",
    "Description": "Support for Razor Page / MVC.",
    "ReleasedDatge": "0001-01-01T00:00:00",
    "ModifiedDate": "2012-07-26T00:10:06.283-07:00",
    "Files": []
  },
  {
    "Id": "2",
    "Name": "Sitemap Generator v1.1",
    "DevelopmentStatus": "Stable",
    "Description": "Finally the new version. More stable with some improvement.",
    "ReleasedDatge": "0001-01-01T00:00:00",
    "ModifiedDate": "2012-05-07T05:18:02.777-07:00",
    "Files": [
      {
        "Id": "74455e11-deef-4a7c-8b68-d09bcf612f1f",
        "FileName": "SiteMapGenerator_v1.1.zip",
        "Url": "./2/74455e11-deef-4a7c-8b68-d09bcf612f1f",
        "Type": "Application",
        "UploadDate": "2012-05-07T05:17:17.867-07:00"
      }
    ]
  }
]